<?xml version="1.0" encoding="UTF-8" ?>
<project name="Spads 公式解析系统" basedir="../" default="generate-doc-all">

	<!-- 引入 Ant 标签扩展工具，提供 if 等标签功能 -->
	<taskdef resource="net/sf/antcontrib/antcontrib.properties"
			classpath="lib/build/ant-contrib-1.0b3.jar"/>


	<!-- - - - - - - 优先级低于主构建文件的设置 开始 - - - - - - -->
	<!-- 加载外部信息，用于频繁变动的内容 -->
	<property file="ant/build.properties"/>

	<!-- 一般来说，外部信息文件没有的内容：如果外部信息加载了相同的内容，则以外部信息为准 -->
	<property name="proj.type" value="Component"/>
	<property name="proj.doc.language" value="zh_CN"/><!-- 有 zh_CN 和 en_US 二种值 -->
	<property name="proj.name" value="spads-exp"/>
	<property name="proj.name.desc" value="公式解析"/>
	<property name="proj.vendor" value="Spads 工作组"/>
	<property name="proj.dist.src" value="no"/><!-- 用 "yes" 表示发行包中附带源代码 -->
	<property name="proj.package" value="cn.spads.exp*"/>
	<property name="proj.doc.memory" value="200M"/>

	<!-- 一般来说，外部信息文件将会指定的内容：如果外部信息加载了相同的内容，则以外部信息为准 -->
	<property name="proj.version" value="1.1.0"/>
	<property name="dir.src.java" value="/opt/java/jdk/src.zip"/><!-- 爪哇类库源文件路径 -->

	<!-- 各种目录设置 -->
	<property name="dir.ant" value="ant"/>
	<property name="dir.ant.record" value="log"/><!-- 用于<record>，它会忽略 basedir 。代表 项目目录/ant/log -->

	<property name="dir.src.product" value="src-main"/>
	<property name="dir.src.others" value="src-others"/><!-- 自产组件源码，应手工合并 -->

	<property name="dir.build" value="temp"/>
	<property name="dir.build.doc" value="${dir.build}/doc"/>

	<property name="dir.doc" value="doc"/>
	<property name="dir.doc.product" value="${dir.doc}/doc-dist"/>
	<property name="dir.doc.inter" value="${dir.doc}/doc-main"/>
	<property name="dir.doc.others" value="${dir.doc}/doc-others"/>

	<property name="dir.dist" value="dist"/>
	<property name="dir.dist.doc" value="${dir.dist}/doc"/>
	<property name="dir.dist.doc.html" value="${dir.dist.doc}/html"/>

	<property name="dir.lib" value="lib"/>

	<!-- 全部源程序路径 -->
	<path id="path.src.all">
		<pathelement path="${dir.src.product}"/>
		<pathelement path="${dir.src.others}"/>
	</path>

	<!-- - - - - - - 优先级低于主构建文件的设置 完毕 - - - - - - -->


	<!-- - - - - - - 生成文档所需路径设置 开始 - - - - - - -->
	<!-- 常用的爪哇标准类库程序源文件路径 -->
	<fileset id="path.src.java.use" dir="${dir.src.java}">
		<include name="java/lang/Object.java"/>
		<include name="java/lang/String.java"/>
		<include name="java/lang/Integer.java"/>
		<include name="java/lang/Boolean.java"/>
		<include name="java/lang/Long.java"/>
		<include name="java/util/Calendar.java"/>
		<include name="java/util/Map.java"/>
		<include name="java/util/HashMap.java"/>
		<include name="java/util/List.java"/>
		<include name="java/util/LinkedList.java"/>
		<include name="java/util/ArrayList.java"/>
		<include name="java/util/concurrent/locks/Lock.java"/>
		<include name="java/sql/Connection.java"/>
		<include name="java/sql/Statement.java"/>
		<include name="java/sql/PreparedStatement.java"/>
		<include name="java/sql/ResultSet.java"/>
		<exclude name="javax/**/*"/>
	</fileset>

	<!-- 需要附带一起发行的其它开发商提供的文档路径 -->
	<fileset id="path.doc.others.dist" dir="${dir.doc.others}">
		<include name="**/*"/>
		<exclude name="${build.exclude.pattern}"/>
	</fileset>

	<!-- 文档生成的程序元素范围的控制值 -->
	<if>
		<equals arg1="${proj.dist.src}" arg2="yes"/>
		<then><property name="proj.dist.doc.scope" value="private"/></then>
		<else><property name="proj.dist.doc.scope" value="protected"/></else>
	</if>
	<!-- - - - - - - 生成文档所需路径设置 完毕 - - - - - - -->


	<!-- - - - - - - 生成文档的追加内容设置 开始 - - - - - - -->
	<!-- 文档可变加注内容 -->
	<switch value="${proj.doc.language}" caseinsensitive="true">
		<case value="zh_CN"><!-- 中文文档 -->
			<property name="proj.doc.dist.title" value="${proj.name.desc} ${proj.version} 程序文档"/>
			<property name="proj.doc.inter.title" value="${proj.name.desc} ${proj.version} 程序文档（内部）"/>
			<property name="proj.doc.alert" value="Spads 制作"/>
			<property name="proj.doc.header" value="${proj.name.desc}"/><!-- 主窗口和左上窗口的右上角都会出现此内容 -->
			<property name="proj.doc.dist.footer" value="${proj.vendor}${proj.type.desc}"/>
			<property name="proj.doc.inter.footer" value="${proj.type.desc}内部文档"/>
			<if>
				<equals arg1="${proj.dist.src}" arg2="yes"/>
				<then><property name="proj.doc.bottom.added" value="，点击程序元素可以显示源代码"/></then>
				<else><property name="proj.doc.bottom.added" value=""/></else>
			</if>
			<property name="proj.doc.dist.bottom" value="此为中文版${proj.name.desc}${proj.version}程序文档${proj.doc.bottom.added}。更多关于程序功能、调用方法及使用技巧的资料及示例请参看打印版文档。爪哇标准类库参看 Java API Documents 。&lt;br/&gt;&lt;br/&gt;版权所有 2012 Spads 工作组 保留所有权利。咨询服务请联系 Surmounting@gmail.com ，索取打印版文档请联系 Surmounting@gmail.com"/>
			<property name="proj.doc.inter.bottom" value="本文档为针对${proj.name.desc}${proj.version}的中文版内部程序文档，内容是爪哇程序元素的描述；其余被使用的${proj.vendor}产品、组件的程序元素描述也一并在次要位置提供。除程序描述之外的打印版文档负责解释需求、设计等软件要素，请从版本库中更新。注意，点击程序元素可以显示源代码。&lt;br/&gt;&lt;br/&gt;版权所有 2012 Spads 工作组 保留所有权利。"/>

			<property name="proj.doc.bottom.fontsize" value="12px"/>
			<property name="proj.doc.group.suffix" value="软件包"/>
			<property name="proj.doc.group.other.name" value="相关组件${proj.doc.group.suffix}"/>
			<property name="proj.doc.group.java.name" value="常用爪哇类库${proj.doc.group.suffix}"/>
			<property name="proj.doc.tagdesc.modified" value="修改信息："/>
		</case>
		<case value="en_US"><!-- 英文文档 -->
			<property name="proj.doc.dist.title" value="${proj.name.desc} ${proj.version} Program Documents"/>
			<property name="proj.doc.inter.title" value="${proj.name.desc} ${proj.version} Program Internal Documents"/>
			<property name="proj.doc.alert" value="Made in Spads Work Group"/>
			<property name="proj.doc.header" value="${proj.name.desc}"/><!-- 主窗口和左上窗口的右上角都会出现此内容 -->
			<property name="proj.doc.dist.footer" value="${proj.type.desc} made in ${proj.vendor}"/>
			<property name="proj.doc.inter.footer" value="${proj.type.desc} Internal Documents"/>
			<if>
				<equals arg1="${proj.dist.src}" arg2="yes"/>
				<then><property name="proj.doc.bottom.added" value=", click program element to access source code"/></then>
				<else><property name="proj.doc.bottom.added" value=""/></else>
			</if>
			<property name="proj.doc.dist.bottom" value="This is ${proj.name.desc} ${proj.version} English edition documents${proj.doc.bottom.added}. Another print edition documents contains more detailed and example of program function, method calling and workarounds. All Java standard class not indluded in this documents are contained in Java API Documents of Oracle.&lt;br/&gt;&lt;br/&gt;Copyright 2012 Spads Work Group. All rights reserved. Please email Surmounting@gmail.com for service, and Surmounting@gmail.com for print edition documents."/>
			<property name="proj.doc.inter.bottom" value="This is a group of internal documents for ${proj.name.desc} ${proj.version}. It contains the description of all Java program elements. The elements in other used ${proj.vendor} products and components is placed on secondary position. In addition to program description, there are print edition documents of requirment and design. Please update them from the company version repository. And click program element to access source code.&lt;br/&gt;&lt;br/&gt;Copyright 2012 Spads Work Group. All rights reserved."/>

			<property name="proj.doc.bottom.fontsize" value="14px"/>
			<property name="proj.doc.group.suffix" value="Packages"/>
			<property name="proj.doc.group.other.name" value="Reference Components ${proj.doc.group.suffix}"/>
			<property name="proj.doc.group.java.name" value="Java Library ${proj.doc.group.suffix}"/>
			<property name="proj.doc.tagdesc.modified" value="Modified："/>
		</case>
	</switch>
	<!-- - - - - - - 生成文档的追加内容设置 完毕 - - - - - - -->


	<!-- - - - - - - 定义工作任务 开始 - - - - - - -->
	<!-- 生成文档 -->
	<target name="generate-doc-all" depends="generate-doc-dist,generate-doc-inter"
			description="Generate HTML documents of Java program.">
	</target>


	<!-- 生成公开发行的 Java HTML 文档，只提供可见成员描述，方便与产品 .jar 一起发行 -->
	<target name="generate-doc-dist">
		<echo level="info" message="INFO: ">Start to generate distribution documents.</echo>

		<!-- 1 显示开始生成发行文档时间 -->
		<echo level="debug" message="DEBUG: ">Start to get present time.</echo>
		<tstamp><format property="time.build.doc.diststart" pattern="yyyy-M-d HH:mm:ss.S"/></tstamp>
		<echo level="debug" message="DEBUG: ">Finish getting present time.</echo>
		<echo level="info" message="INFO: ">Finish distribution documents generating. ${time.build.doc.diststart}</echo>

		<!-- 2 建立 dir.build.doc -->
		<echo level="debug" message="DEBUG: ">Make new directory ${dir.build.doc}</echo>
		<mkdir dir="${dir.build.doc}"/>
		<echo level="debug" message="DEBUG: ">Finish making new documents temp directory.</echo>

		<!-- 3 复制原文档到 dir.build.doc -->
		<echo level="debug" message="DEBUG: ">Copy existing documents from ${dir.doc.product} to ${dir.build.doc}</echo>
		<mkdir dir="${dir.doc.product}"/><!-- 如果目录已经存在，此操作将自动跳过 -->
		<copy todir="${dir.build.doc}">
			<fileset dir="${dir.doc.product}" excludes="${build.exclude.pattern}"/>
		</copy>
		<echo level="debug" message="DEBUG: ">Finish saving documents' backup</echo>

		<trycatch reference="ex.doc.dist" property="ex.doc.dist.message">
			<try>
				<!-- 4 删除 dir.doc.product 以实现清理 -->
				<echo level="debug" message="DEBUG: ">Clear directory ${dir.doc.product}</echo>
				<delete dir="${dir.doc.product}"/>
				<mkdir dir="${dir.doc.product}"/>
				<echo level="debug" message="DEBUG: ">Finish cleaning program documents directory.</echo>

				<!-- 5 打开记录，准备记录生成文档时的日志信息 -->
				<echo level="debug" message="DEBUG: ">Make new directory ${dir.ant}/${dir.ant.record}.</echo>
				<mkdir dir="${dir.ant}/${dir.ant.record}"/><!-- 如果目录已经存在，此操作将自动跳过 -->
				<echo level="debug" message="DEBUG: ">Finish making ant record directory.</echo>
				<echo level="debug" message="DEBUG: ">Open a new record to ${dir.ant}/${dir.ant.record}/${proj.name}-${proj.version}.log</echo>
				<record name="${dir.ant.record}/${proj.name}-${proj.version}.log" action="start"
						append="true" loglevel="verbose"/>
				<echo level="debug" message="DEBUG: ">Finish starting new record.</echo>

				<!-- 6 生成新文档在 dir.doc.product -->
				<echo level="debug" message="DEBUG: ">Generate ${proj.name.desc} ${proj.version} Java Program Documents to ${dir.doc.product}. Whether provide source code? ${proj.dist.src}!</echo>
				<javadoc destdir="${dir.doc.product}" source="1.6"
						access="${proj.dist.doc.scope}" linksource="${proj.dist.src}"
						charset="UTF-8" encoding="UTF-8" docencoding="UTF-8" locale="${proj.doc.language}"
						windowtitle="${proj.doc.dist.title} - ${proj.vendor}"
						maxmemory="${proj.doc.memory}">

					<sourcepath refid="path.src.all"/>
					<sourcefiles><fileset refid="path.src.java.use"/></sourcefiles>

					<package name="*"/>
					<excludepackage name="com.gamecenternow.test.*"/>

					<group title="${proj.name.desc} ${proj.doc.group.suffix}" packages="${proj.package}"/>
					<group title="${proj.doc.group.other.name}" packages="com.gamecenternow.*"/>
					<group title="${proj.doc.group.java.name}" packages="java.*:javax.*"/>

					<doctitle>
						&lt;span onClick='alert(\"${proj.doc.alert}\");'&gt;${proj.doc.dist.title}&lt;/span&gt;
					</doctitle>
					<header>${proj.doc.header}</header>
					<footer>${proj.doc.dist.footer}</footer>
					<bottom><![CDATA[<span style=\"font-size:${proj.doc.bottom.fontsize}\">${proj.doc.dist.bottom}</span>]]></bottom>

					<tag name="modified" description="${proj.doc.tagdesc.modified}"/>

				</javadoc>
				<echo level="debug" message="DEBUG: ">Finish ${proj.name.desc} ${proj.version} Java Program Documents generating.</echo>

				<!-- 7 关闭生成文档时的日志信息记录器 -->
				<echo level="debug" message="DEBUG: ">Stop to record to ${dir.ant}/${dir.ant.record}/${proj.name}-${proj.version}.log</echo>
				<record name="${dir.ant.record}/${proj.name}-${proj.version}.log" action="stop"/>
				<echo level="debug" message="DEBUG: ">Finish closing record.</echo>
			</try>
			<catch>
				<!-- 当生成文档发生异常之后，将文档恢复至生成前状态，并显示相关提示信息 -->
				<echo level="error" message="ERROR: ">Documents generating exception: ${ex.doc.dist.message}</echo>

				<echo level="debug" message="DEBUG: ">Clear directory ${dir.doc.product}</echo>
				<delete dir="${dir.doc.product}"/>
				<mkdir dir="${dir.doc.product}"/>
				<echo level="debug" message="DEBUG: ">Finish cleaning program documents directory.</echo>

				<echo level="debug" message="DEBUG: ">Copy backup documents from ${dir.build.doc} to ${dir.doc.product}</echo>
				<copy todir="${dir.doc.product}">
					<fileset dir="${dir.build.doc}" excludes="${build.exclude.pattern}"/>
				</copy>
				<echo level="debug" message="DEBUG: ">Finish restoring documents</echo>

				<echo level="debug" message="DEBUG: ">Throw product documents generating exception to system</echo>
				<throw refid="ex.doc.dist"/>
			</catch>
			<finally>
				<!-- 在任务执行完毕前，删除构建文档的临时目录 -->
				<echo level="debug" message="DEBUG: ">Delete directory ${dir.build.doc}</echo>
				<delete dir="${dir.build.doc}"/>
				<echo level="debug" message="DEBUG: ">Finish deleting original program documents directory.</echo>
			</finally>
		</trycatch>

		<!-- 8 删除后重建文档发行目录以 -->
		<echo level="debug" message="DEBUG: ">Clear directory ${dir.dist.doc}</echo>
		<delete dir="${dir.dist.doc}"/>
		<mkdir dir="${dir.dist.doc}"/>
		<echo level="debug" message="DEBUG: ">Finish cleaning documents distribution directory.</echo>

		<!-- 9 将发行文档复制至发行目录 -->
		<echo level="debug" message="DEBUG: ">Copy distribution documents to ${dir.dist.doc} from ${dir.doc.product} etc.</echo>
		<copy todir="${dir.dist.doc.html}" force="true" overwrite="true">
			<fileset dir="${dir.doc.product}" excludes="${build.exclude.pattern}"/>
		</copy>
		<copy todir="${dir.dist.doc}" force="false" overwrite="false">
			<fileset refid="path.doc.others.dist"/>
		</copy>
		<echo level="debug" message="DEBUG: ">Finish copying documents to distribution directory.</echo>

		<!-- 10 显示发行文档生成完毕时间 -->
		<echo level="debug" message="DEBUG: ">Start to get present time.</echo>
		<tstamp><format property="time.build.doc.distend" pattern="yyyy-M-d HH:mm:ss.S"/></tstamp>
		<echo level="debug" message="DEBUG: ">Finish getting present time.</echo>
		<echo level="info" message="INFO: ">Finish distribution documents generating. ${time.build.doc.distend}</echo>
	</target>


	<!-- 生成内部使用的 Java HTML 文档，提供所有程序成员描述，方便技术人员调用、维护时参考 -->
	<target name="generate-doc-inter">
		<echo level="info" message="INFO: ">Start to generate internal documents.</echo>

		<!-- 1 显示开始生成内部文档时间 -->
		<echo level="debug" message="DEBUG: ">Start to get present time.</echo>
		<tstamp><format property="time.build.doc.interstart" pattern="yyyy-M-d HH:mm:ss.S"/></tstamp>
		<echo level="debug" message="DEBUG: ">Finish getting present time.</echo>
		<echo level="info" message="INFO: ">Start internal documents generating. ${time.build.doc.interstart}</echo>

		<!-- 2 建立 dir.build.doc -->
		<echo level="debug" message="DEBUG: ">Make new directory ${dir.build.doc}</echo>
		<mkdir dir="${dir.build.doc}"/>
		<echo level="debug" message="DEBUG: ">Finish making new documents temp directory.</echo>

		<!-- 3 复制原文档到 dir.build.doc -->
		<echo level="debug" message="DEBUG: ">Copy existing documents from ${dir.doc.inter} to ${dir.build.doc}</echo>
		<mkdir dir="${dir.doc.inter}"/><!-- 如果目录已经存在，此操作将自动跳过 -->
		<copy todir="${dir.build.doc}">
			<fileset dir="${dir.doc.inter}" excludes="${build.exclude.pattern}"/>
		</copy>
		<echo level="debug" message="DEBUG: ">Finish saving documents' backup</echo>

		<trycatch reference="ex.doc.inter" property="ex.doc.inter.message">
			<try>
				<!-- 4 删除 dir.doc.inter 以实现清理 -->
				<echo level="debug" message="DEBUG: ">Clear directory ${dir.doc.inter}</echo>
				<delete dir="${dir.doc.inter}"/>
				<mkdir dir="${dir.doc.inter}"/>
				<echo level="debug" message="DEBUG: ">Finish cleaning program documents directory.</echo>

				<!-- 5 打开记录，准备记录生成文档时的日志信息 -->
				<echo level="debug" message="DEBUG: ">Make new directory ${dir.ant}/${dir.ant.record}.</echo>
				<mkdir dir="${dir.ant}/${dir.ant.record}"/><!-- 如果目录已经存在，此操作将自动跳过 -->
				<echo level="debug" message="DEBUG: ">Finish making ant record directory.</echo>
				<echo level="debug" message="DEBUG: ">Open a new record to ${dir.ant}/${dir.ant.record}/${proj.name}-${proj.version}.log</echo>
				<record name="${dir.ant.record}/${proj.name}-${proj.version}.log" action="start"
						append="true" loglevel="verbose"/>
				<echo level="debug" message="DEBUG: ">Finish starting new record.</echo>

				<!-- 6 生成新文档在 dir.doc.inter -->
				<echo level="debug" message="DEBUG: ">Generate ${proj.name.desc} ${proj.version} Java Internal Program Documents to ${dir.doc.inter}.</echo>
				<javadoc destdir="${dir.doc.inter}" source="1.6"
						access="private" linksource="yes"
						charset="UTF-8" encoding="UTF-8" docencoding="UTF-8" locale="${proj.doc.language}"
						windowtitle="${proj.doc.inter.title} - ${proj.vendor}"
						maxmemory="${proj.doc.memory}">

					<sourcepath refid="path.src.all"/>
					<sourcefiles><fileset refid="path.src.java.use"/></sourcefiles>

					<package name="*"/>
					<excludepackage name="com.gamecenternow.test.*"/>

					<group title="${proj.name.desc} ${proj.version} ${proj.doc.group.suffix}" packages="${proj.package}"/>
					<group title="${proj.doc.group.other.name}" packages="com.gamecenternow.*"/>
					<group title="${proj.doc.group.java.name}" packages="java.*:javax.*"/>

					<doctitle>
						&lt;span onClick='alert(\"${proj.doc.alert}\");'&gt;${proj.doc.inter.title}&lt;/span&gt;
					</doctitle>
					<header>${proj.doc.header}</header>
					<footer>${proj.doc.inter.footer}</footer>
					<bottom><![CDATA[<span style=\"font-size:${proj.doc.bottom.fontsize}\">${proj.doc.inter.bottom}</span>]]></bottom>

					<tag name="modified" description="${proj.doc.tagdesc.modified}"/>

				</javadoc>
				<echo level="debug" message="DEBUG: ">Finish ${proj.name.desc} ${proj.version} Java Program Internal Documents generating.</echo>

				<!-- 7 关闭生成文档时的日志信息记录器 -->
				<echo level="debug" message="DEBUG: ">Stop to record to ${dir.ant}/${dir.ant.record}/${proj.name}-${proj.version}.log</echo>
				<record name="${dir.ant.record}/${proj.name}-${proj.version}.log" action="stop"/>
				<echo level="debug" message="DEBUG: ">Finish closing record.</echo>
			</try>
			<catch>
				<!-- 当生成文档发生异常之后，将文档恢复至生成前状态，并显示相关提示信息 -->
				<echo level="error" message="ERROR: ">Documents generating exception: ${ex.doc.inter.message}</echo>

				<echo level="debug" message="DEBUG: ">Clear directory ${dir.doc.inter}</echo>
				<delete dir="${dir.doc.inter}"/>
				<mkdir dir="${dir.doc.inter}"/>
				<echo level="debug" message="DEBUG: ">Finish cleaning program documents directory.</echo>

				<echo level="debug" message="DEBUG: ">Copy backup documents from ${dir.build.doc} to ${dir.doc.inter}</echo>
				<copy todir="${dir.doc.inter}">
					<fileset dir="${dir.build.doc}" excludes="${build.exclude.pattern}"/>
				</copy>
				<echo level="debug" message="DEBUG: ">Finish restoring documents</echo>

				<echo level="debug" message="DEBUG: ">Throw internal documents generating exception to system</echo>
				<throw refid="ex.doc.inter"/>
			</catch>
			<finally>
				<!-- 在任务执行完毕前，删除构建文档的临时目录 -->
				<echo level="debug" message="DEBUG: ">Delete directory ${dir.build.doc}</echo>
				<delete dir="${dir.build.doc}"/>
				<echo level="debug" message="DEBUG: ">Finish deleting original program documents directory.</echo>
			</finally>
		</trycatch>

		<!-- 8 显示内部文档生成完毕时间 -->
		<echo level="debug" message="DEBUG: ">Start to get present time.</echo>
		<tstamp><format property="time.build.doc.interend" pattern="yyyy-M-d HH:mm:ss.S"/></tstamp>
		<echo level="debug" message="DEBUG: ">Finish getting present time.</echo>
		<echo level="info" message="INFO: ">Finish internal documents generating. ${time.build.doc.interend}</echo>
	</target>
	<!-- - - - - - - 定义工作任务 开始 - - - - - - -->
</project>